{"files":{"food-7d86a23524c798745a1f89c4bb409be3ef276c351c9ebb0d11e97eb43a8b8ebe.jpg":{"logical_path":"food.jpg","mtime":"2016-11-17T00:27:04-08:00","size":47307,"digest":"7d86a23524c798745a1f89c4bb409be3ef276c351c9ebb0d11e97eb43a8b8ebe","integrity":"sha256-fYaiNSTHmHRaH4nEu0Cb4+8nbDUcnrsNEel+tDqLjr4="},"recipe-0ce4374a0d42c98478c8874f70861dd2a7ebb0ad4ae2226b724f9dd55a7bf4c7.jpg":{"logical_path":"recipe.jpg","mtime":"2016-11-17T00:27:24-08:00","size":394110,"digest":"0ce4374a0d42c98478c8874f70861dd2a7ebb0ad4ae2226b724f9dd55a7bf4c7","integrity":"sha256-DOQ3Sg1CyYR4yIdPcIYd0qfrsK1K4iJrck+d1Vp79Mc="},"salad-6352ce46a085b995efeb9aa4c20d00217906f812f64f9749e3f6ddb8516d4569.jpg":{"logical_path":"salad.jpg","mtime":"2016-11-17T00:27:39-08:00","size":22377,"digest":"6352ce46a085b995efeb9aa4c20d00217906f812f64f9749e3f6ddb8516d4569","integrity":"sha256-Y1LORqCFuZXv65qkwg0AIXkG+BL2T5dJ4/bduFFtRWk="},"application-c75029b65066c3e686fd9096aa878a9cf889709372c5c10bbd68e087880bea09.js":{"logical_path":"application.js","mtime":"2016-11-17T00:27:39-08:00","size":438825,"digest":"c75029b65066c3e686fd9096aa878a9cf889709372c5c10bbd68e087880bea09","integrity":"sha256-x1AptlBmw+aG/ZCWqoeKnPiJcJNyxcELvWjgh4gL6gk="},"application-b5d640261f9d1e380c669a453328e2ad8a1f7bfca7acb4081926ae22b87acbf2.css":{"logical_path":"application.css","mtime":"2016-11-17T00:06:44-08:00","size":327122,"digest":"b5d640261f9d1e380c669a453328e2ad8a1f7bfca7acb4081926ae22b87acbf2","integrity":"sha256-tdZAJh+dHjgMZppFMyjirYofe/ynrLQIGSauIrh6y/I="},"bootstrap/glyphicons-halflings-regular-13634da87d9e23f8c3ed9108ce1724d183a39ad072e73e1b3d8cbf646d2d0407.eot":{"logical_path":"bootstrap/glyphicons-halflings-regular.eot","mtime":"2016-09-15T20:12:52-07:00","size":20127,"digest":"13634da87d9e23f8c3ed9108ce1724d183a39ad072e73e1b3d8cbf646d2d0407","integrity":"sha256-E2NNqH2eI/jD7ZEIzhck0YOjmtBy5z4bPYy/ZG0tBAc="},"bootstrap/glyphicons-halflings-regular-fe185d11a49676890d47bb783312a0cda5a44c4039214094e7957b4c040ef11c.woff2":{"logical_path":"bootstrap/glyphicons-halflings-regular.woff2","mtime":"2016-09-15T20:12:52-07:00","size":18028,"digest":"fe185d11a49676890d47bb783312a0cda5a44c4039214094e7957b4c040ef11c","integrity":"sha256-/hhdEaSWdokNR7t4MxKgzaWkTEA5IUCU55V7TAQO8Rw="},"bootstrap/glyphicons-halflings-regular-a26394f7ede100ca118eff2eda08596275a9839b959c226e15439557a5a80742.woff":{"logical_path":"bootstrap/glyphicons-halflings-regular.woff","mtime":"2016-09-15T20:12:52-07:00","size":23424,"digest":"a26394f7ede100ca118eff2eda08596275a9839b959c226e15439557a5a80742","integrity":"sha256-omOU9+3hAMoRjv8u2ghZYnWpg5uVnCJuFUOVV6WoB0I="},"bootstrap/glyphicons-halflings-regular-e395044093757d82afcb138957d06a1ea9361bdcf0b442d06a18a8051af57456.ttf":{"logical_path":"bootstrap/glyphicons-halflings-regular.ttf","mtime":"2016-09-15T20:12:52-07:00","size":45404,"digest":"e395044093757d82afcb138957d06a1ea9361bdcf0b442d06a18a8051af57456","integrity":"sha256-45UEQJN1fYKvyxOJV9BqHqk2G9zwtELQahioBRr1dFY="},"bootstrap/glyphicons-halflings-regular-42f60659d265c1a3c30f9fa42abcbb56bd4a53af4d83d316d6dd7a36903c43e5.svg":{"logical_path":"bootstrap/glyphicons-halflings-regular.svg","mtime":"2016-09-15T20:12:52-07:00","size":108738,"digest":"42f60659d265c1a3c30f9fa42abcbb56bd4a53af4d83d316d6dd7a36903c43e5","integrity":"sha256-QvYGWdJlwaPDD5+kKry7Vr1KU69Ng9MW1t16NpA8Q+U="}},"assets":{"food.jpg":"food-7d86a23524c798745a1f89c4bb409be3ef276c351c9ebb0d11e97eb43a8b8ebe.jpg","recipe.jpg":"recipe-0ce4374a0d42c98478c8874f70861dd2a7ebb0ad4ae2226b724f9dd55a7bf4c7.jpg","salad.jpg":"salad-6352ce46a085b995efeb9aa4c20d00217906f812f64f9749e3f6ddb8516d4569.jpg","application.js":"application-c75029b65066c3e686fd9096aa878a9cf889709372c5c10bbd68e087880bea09.js","application.css":"application-b5d640261f9d1e380c669a453328e2ad8a1f7bfca7acb4081926ae22b87acbf2.css","bootstrap/glyphicons-halflings-regular.eot":"bootstrap/glyphicons-halflings-regular-13634da87d9e23f8c3ed9108ce1724d183a39ad072e73e1b3d8cbf646d2d0407.eot","bootstrap/glyphicons-halflings-regular.woff2":"bootstrap/glyphicons-halflings-regular-fe185d11a49676890d47bb783312a0cda5a44c4039214094e7957b4c040ef11c.woff2","bootstrap/glyphicons-halflings-regular.woff":"bootstrap/glyphicons-halflings-regular-a26394f7ede100ca118eff2eda08596275a9839b959c226e15439557a5a80742.woff","bootstrap/glyphicons-halflings-regular.ttf":"bootstrap/glyphicons-halflings-regular-e395044093757d82afcb138957d06a1ea9361bdcf0b442d06a18a8051af57456.ttf","bootstrap/glyphicons-halflings-regular.svg":"bootstrap/glyphicons-halflings-regular-42f60659d265c1a3c30f9fa42abcbb56bd4a53af4d83d316d6dd7a36903c43e5.svg"}}